<?xml version="1.0" encoding="UTF-8"?><InteractionHistory Id="local-10" Version="1"><InteractionEvent Delta="null" EndDate="2012-05-27 03:06:36.946 GMT+05:30" Interest="1.0" Kind="propagation" Navigation="null" OriginId="org.eclipse.jdt.ui.TypeHierarchy" StartDate="2012-05-27 03:06:36.946 GMT+05:30" StructureHandle="/Identity/src/org/company/fingerprint/transport/IDuplexDistributionChannel.java" StructureKind="resource"/><InteractionEvent Delta="null" EndDate="2012-05-27 02:57:46.653 GMT+05:30" Interest="2.0" Kind="prediction" Navigation="null" OriginId="org.eclipse.mylyn.resources.ui.interest.updater" StartDate="2012-05-27 02:54:42.151 GMT+05:30" StructureHandle="/Identity/src/org/company/fingerprint/distribution/distribution.ucd" StructureKind="resource" NumEvents="2" CreationCount="21"/><InteractionEvent Delta="null" EndDate="2012-05-27 03:06:48.963 GMT+05:30" Interest="6.0" Kind="selection" Navigation="null" OriginId="org.eclipse.jdt.ui.CompilationUnitEditor" StartDate="2012-05-27 03:03:41.243 GMT+05:30" StructureHandle="=Identity/src&amp;lt;org.company.fingerprint.distribution{HBaseDistributionController.java[HBaseDistributionController^channel" StructureKind="java" NumEvents="6" CreationCount="205"/><InteractionEvent Delta="null" EndDate="2012-05-27 03:06:31.389 GMT+05:30" Interest="3.0" Kind="edit" Navigation="null" OriginId="org.eclipse.jdt.ui.CompilationUnitEditor" StartDate="2012-05-27 03:05:51.785 GMT+05:30" StructureHandle="=Identity/src&amp;lt;org.company.fingerprint.distribution{HBaseDistributionController.java[HBaseDistributionController^channel" StructureKind="java" NumEvents="3" CreationCount="205"/><InteractionEvent Delta="null" EndDate="2012-05-27 02:55:05.112 GMT+05:30" Interest="2.0" Kind="selection" Navigation="null" OriginId="org.eclipse.jdt.ui.CompilationUnitEditor" StartDate="2012-05-27 02:54:52.981 GMT+05:30" StructureHandle="=Identity/src&amp;lt;org.company.fingerprint.distribution{SynchnronizerBlock.java[SynchnronizerBlock~AddResult~QDistributionMessageReply;" StructureKind="java" NumEvents="2" CreationCount="27"/><InteractionEvent Delta="null" EndDate="2012-05-27 02:55:05.945 GMT+05:30" Interest="2.0" Kind="edit" Navigation="null" OriginId="org.eclipse.jdt.ui.CompilationUnitEditor" StartDate="2012-05-27 02:54:55.72 GMT+05:30" StructureHandle="=Identity/src&amp;lt;org.company.fingerprint.distribution{SynchnronizerBlock.java[SynchnronizerBlock~AddResult~QDistributionMessageReply;" StructureKind="java" NumEvents="2" CreationCount="27"/><InteractionEvent Delta="null" EndDate="2012-05-27 03:05:55.583 GMT+05:30" Interest="2.0" Kind="selection" Navigation="null" OriginId="org.eclipse.jdt.callhierarchy.view" StartDate="2012-05-27 03:05:52.372 GMT+05:30" StructureHandle="=Identity/src&amp;lt;org.company.fingerprint.distribution{HBaseDistributionController.java[HBaseDistributionController~HBaseDistributionController~QString;" StructureKind="java" NumEvents="2" CreationCount="210"/><InteractionEvent Delta="null" EndDate="2012-05-27 03:06:08.517 GMT+05:30" Interest="2.0" Kind="edit" Navigation="null" OriginId="org.eclipse.jdt.ui.CompilationUnitEditor" StartDate="2012-05-27 03:05:54.163 GMT+05:30" StructureHandle="=Identity/src&amp;lt;org.company.fingerprint.distribution{HBaseDistributionController.java[HBaseDistributionController~HBaseDistributionController~QString;" StructureKind="java" NumEvents="2" CreationCount="210"/><InteractionEvent Delta="null" EndDate="2012-05-27 03:08:43.512 GMT+05:30" Interest="230.0" Kind="propagation" Navigation="org.eclipse.mylyn.core.model.edges.containment" OriginId="org.eclipse.mylyn.core.model.interest.propagation" StartDate="2012-05-27 02:52:42.62 GMT+05:30" StructureHandle="/Identity/src/org/company/fingerprint" StructureKind="resource" NumEvents="230" CreationCount="2"/><InteractionEvent Delta="null" EndDate="2012-05-27 03:06:36.947 GMT+05:30" Interest="1.0" Kind="propagation" Navigation="org.eclipse.mylyn.core.model.edges.containment" OriginId="org.eclipse.mylyn.core.model.interest.propagation" StartDate="2012-05-27 03:06:36.947 GMT+05:30" StructureHandle="=Identity/src&amp;lt;org.company.fingerprint.transport{IDuplexDistributionChannel.java" StructureKind="java"/><InteractionEvent Delta="null" EndDate="2012-05-27 03:08:43.462 GMT+05:30" Interest="81.048004" Kind="propagation" Navigation="org.eclipse.mylyn.core.model.edges.containment" OriginId="org.eclipse.mylyn.core.model.interest.propagation" StartDate="2012-05-27 02:52:42.63 GMT+05:30" StructureHandle="=Identity/src&amp;lt;org.company.fingerprint.distribution" StructureKind="java" NumEvents="122" CreationCount="2"/><InteractionEvent Delta="null" EndDate="2012-05-27 03:08:43.462 GMT+05:30" Interest="80.065" Kind="propagation" Navigation="org.eclipse.mylyn.core.model.edges.containment" OriginId="org.eclipse.mylyn.core.model.interest.propagation" StartDate="2012-05-27 02:52:42.63 GMT+05:30" StructureHandle="=Identity/src" StructureKind="java" NumEvents="120" CreationCount="1"/><InteractionEvent Delta="null" EndDate="2012-05-27 02:51:33.553 GMT+05:30" Interest="1.0" Kind="selection" Navigation="null" OriginId="org.eclipse.jdt.ui.PackageExplorer" StartDate="2012-05-27 02:51:33.553 GMT+05:30" StructureHandle="=Identity/src" StructureKind="java"/><InteractionEvent Delta="null" EndDate="2012-05-27 02:59:07.364 GMT+05:30" Interest="16.736" Kind="propagation" Navigation="org.eclipse.mylyn.core.model.edges.containment" OriginId="org.eclipse.mylyn.core.model.interest.propagation" StartDate="2012-05-27 02:54:22.143 GMT+05:30" StructureHandle="=Identity/src&amp;lt;org.company.fingerprint.distribution{SynchnronizerBlock.java" StructureKind="java" NumEvents="22" CreationCount="4"/><InteractionEvent Delta="null" EndDate="2012-05-27 02:58:58.647 GMT+05:30" Interest="6.0" Kind="selection" Navigation="null" OriginId="org.eclipse.jdt.ui.CompilationUnitEditor" StartDate="2012-05-27 02:53:09.852 GMT+05:30" StructureHandle="=Identity/src&amp;lt;org.company.fingerprint.distribution{SynchnronizerBlock.java" StructureKind="java" NumEvents="6" CreationCount="4"/><InteractionEvent Delta="null" EndDate="2012-05-27 02:57:21.540 GMT+05:30" Interest="1.0" Kind="selection" Navigation="null" OriginId="org.eclipse.jdt.ui.CompilationUnitEditor" StartDate="2012-05-27 02:57:21.540 GMT+05:30" StructureHandle="=Identity/src&amp;lt;org.company.fingerprint.distribution{SynchnronizerBlock.java[SynchnronizerBlock^OperationId" StructureKind="java"/><InteractionEvent Delta="null" EndDate="2012-05-27 03:02:21.999 GMT+05:30" Interest="5.0" Kind="propagation" Navigation="null" OriginId="org.eclipse.jdt.ui.CompilationUnitEditor" StartDate="2012-05-27 03:02:13.552 GMT+05:30" StructureHandle="/Identity/src/org/company/fingerprint/distribution/IDistributionController.java" StructureKind="resource" NumEvents="5" CreationCount="189"/><InteractionEvent Delta="null" EndDate="2012-05-27 02:59:21.110 GMT+05:30" Interest="74.0" Kind="propagation" Navigation="null" OriginId="org.eclipse.jdt.ui.CompilationUnitEditor" StartDate="2012-05-27 02:53:09.852 GMT+05:30" StructureHandle="/Identity/src/org/company/fingerprint/distribution/SynchnronizerBlock.java" StructureKind="resource" NumEvents="74" CreationCount="4"/><InteractionEvent Delta="null" EndDate="2012-05-27 03:08:43.512 GMT+05:30" Interest="229.017" Kind="propagation" Navigation="org.eclipse.mylyn.core.model.edges.containment" OriginId="org.eclipse.mylyn.core.model.interest.propagation" StartDate="2012-05-27 02:51:33.554 GMT+05:30" StructureHandle="=Identity" StructureKind="resource" NumEvents="232" CreationCount="1"/><InteractionEvent Delta="null" EndDate="2012-05-27 02:57:28.100 GMT+05:30" Interest="1.0" Kind="selection" Navigation="null" OriginId="org.eclipse.jdt.ui.CompilationUnitEditor" StartDate="2012-05-27 02:57:28.100 GMT+05:30" StructureHandle="=Identity/src&amp;lt;org.company.fingerprint.distribution{SynchnronizerBlock.java[SynchnronizerBlock^ServerList" StructureKind="java"/><InteractionEvent Delta="null" EndDate="2012-05-27 02:57:31.909 GMT+05:30" Interest="1.0" Kind="edit" Navigation="null" OriginId="org.eclipse.jdt.ui.CompilationUnitEditor" StartDate="2012-05-27 02:57:31.909 GMT+05:30" StructureHandle="=Identity/src&amp;lt;org.company.fingerprint.distribution{SynchnronizerBlock.java[SynchnronizerBlock^ServerList" StructureKind="java"/><InteractionEvent Delta="null" EndDate="2012-05-27 03:06:36.947 GMT+05:30" Interest="1.0" Kind="propagation" Navigation="org.eclipse.mylyn.core.model.edges.containment" OriginId="org.eclipse.mylyn.core.model.interest.propagation" StartDate="2012-05-27 03:06:36.947 GMT+05:30" StructureHandle="=Identity/src&amp;lt;org.company.fingerprint.transport" StructureKind="java"/><InteractionEvent Delta="null" EndDate="2012-05-27 03:02:21.999 GMT+05:30" Interest="2.1169999" Kind="propagation" Navigation="org.eclipse.mylyn.core.model.edges.containment" OriginId="org.eclipse.mylyn.core.model.interest.propagation" StartDate="2012-05-27 03:02:14.123 GMT+05:30" StructureHandle="=Identity/src&amp;lt;org.company.fingerprint.distribution{IDistributionController.java" StructureKind="java" NumEvents="4" CreationCount="189"/><InteractionEvent Delta="null" EndDate="2012-05-27 03:02:13.551 GMT+05:30" Interest="1.0" Kind="selection" Navigation="null" OriginId="org.eclipse.jdt.ui.CompilationUnitEditor" StartDate="2012-05-27 03:02:13.551 GMT+05:30" StructureHandle="=Identity/src&amp;lt;org.company.fingerprint.distribution{IDistributionController.java" StructureKind="java"/><InteractionEvent Delta="null" EndDate="2012-05-27 03:08:43.512 GMT+05:30" Interest="230.0" Kind="propagation" Navigation="org.eclipse.mylyn.core.model.edges.containment" OriginId="org.eclipse.mylyn.core.model.interest.propagation" StartDate="2012-05-27 02:52:42.62 GMT+05:30" StructureHandle="/Identity/src/org/company" StructureKind="resource" NumEvents="230" CreationCount="2"/><InteractionEvent Delta="null" EndDate="2012-05-27 02:55:07.386 GMT+05:30" Interest="12.501999" Kind="propagation" Navigation="org.eclipse.mylyn.core.model.edges.containment" OriginId="org.eclipse.mylyn.core.model.interest.propagation" StartDate="2012-05-27 02:54:05.396 GMT+05:30" StructureHandle="=Identity/src&amp;lt;org.company.fingerprint.distribution{SynchnronizerBlock.java[SynchnronizerBlock" StructureKind="java" NumEvents="17" CreationCount="6"/><InteractionEvent Delta="null" EndDate="2012-05-27 02:59:07.364 GMT+05:30" Interest="6.0" Kind="selection" Navigation="null" OriginId="org.eclipse.jdt.ui.CompilationUnitEditor" StartDate="2012-05-27 02:55:15.34 GMT+05:30" StructureHandle="=Identity/src&amp;lt;org.company.fingerprint.distribution{SynchnronizerBlock.java[SynchnronizerBlock" StructureKind="java" NumEvents="6" CreationCount="6"/><InteractionEvent Delta="null" EndDate="2012-05-27 02:55:36.884 GMT+05:30" Interest="6.0" Kind="edit" Navigation="null" OriginId="org.eclipse.jdt.ui.CompilationUnitEditor" StartDate="2012-05-27 02:55:19.838 GMT+05:30" StructureHandle="=Identity/src&amp;lt;org.company.fingerprint.distribution{SynchnronizerBlock.java[SynchnronizerBlock" StructureKind="java" NumEvents="6" CreationCount="6"/><InteractionEvent Delta="null" EndDate="2012-05-27 02:58:58.677 GMT+05:30" Interest="6.0" Kind="selection" Navigation="null" OriginId="org.eclipse.jdt.ui.CompilationUnitEditor" StartDate="2012-05-27 02:54:05.395 GMT+05:30" StructureHandle="=Identity/src&amp;lt;org.company.fingerprint.distribution{SynchnronizerBlock.java[SynchnronizerBlock~SynchnronizerBlock~J~QList\&amp;lt;QString;&amp;gt;;" StructureKind="java" NumEvents="6" CreationCount="6"/><InteractionEvent Delta="null" EndDate="2012-05-27 02:57:45.965 GMT+05:30" Interest="15.0" Kind="edit" Navigation="null" OriginId="org.eclipse.jdt.ui.CompilationUnitEditor" StartDate="2012-05-27 02:54:14.282 GMT+05:30" StructureHandle="=Identity/src&amp;lt;org.company.fingerprint.distribution{SynchnronizerBlock.java[SynchnronizerBlock~SynchnronizerBlock~J~QList\&amp;lt;QString;&amp;gt;;" StructureKind="java" NumEvents="15" CreationCount="6"/><InteractionEvent Delta="null" EndDate="2012-05-27 03:02:14.122 GMT+05:30" Interest="1.0" Kind="selection" Navigation="null" OriginId="org.eclipse.jdt.ui.CompilationUnitEditor" StartDate="2012-05-27 03:02:14.122 GMT+05:30" StructureHandle="=Identity/src&amp;lt;org.company.fingerprint.distribution{IDistributionController.java[IDistributionController~Execute~QObject;" StructureKind="java"/><InteractionEvent Delta="null" EndDate="2012-05-27 03:02:21.999 GMT+05:30" Interest="3.0" Kind="edit" Navigation="null" OriginId="org.eclipse.jdt.ui.CompilationUnitEditor" StartDate="2012-05-27 03:02:17.919 GMT+05:30" StructureHandle="=Identity/src&amp;lt;org.company.fingerprint.distribution{IDistributionController.java[IDistributionController~Execute~QObject;" StructureKind="java" NumEvents="3" CreationCount="190"/><InteractionEvent Delta="null" EndDate="2012-05-27 02:55:41.678 GMT+05:30" Interest="4.0" Kind="selection" Navigation="null" OriginId="org.eclipse.jdt.ui.CompilationUnitEditor" StartDate="2012-05-27 02:52:42.62 GMT+05:30" StructureHandle="=Identity/src&amp;lt;org.company.fingerprint.distribution{DistributionMessageReply.java" StructureKind="java" NumEvents="4" CreationCount="2"/><InteractionEvent Delta="null" EndDate="2012-05-27 03:08:43.512 GMT+05:30" Interest="229.017" Kind="propagation" Navigation="org.eclipse.mylyn.core.model.edges.containment" OriginId="org.eclipse.mylyn.core.model.interest.propagation" StartDate="2012-05-27 02:51:33.554 GMT+05:30" StructureHandle="/" StructureKind="resource" NumEvents="232" CreationCount="1"/><InteractionEvent Delta="null" EndDate="2012-05-27 03:06:30.774 GMT+05:30" Interest="72.651" Kind="propagation" Navigation="org.eclipse.mylyn.core.model.edges.containment" OriginId="org.eclipse.mylyn.core.model.interest.propagation" StartDate="2012-05-27 02:56:01.719 GMT+05:30" StructureHandle="=Identity/src&amp;lt;org.company.fingerprint.distribution{HBaseDistributionController.java" StructureKind="java" NumEvents="105" CreationCount="43"/><InteractionEvent Delta="null" EndDate="2012-05-27 03:08:43.461 GMT+05:30" Interest="7.0" Kind="selection" Navigation="null" OriginId="org.eclipse.jdt.ui.CompilationUnitEditor" StartDate="2012-05-27 02:55:45.913 GMT+05:30" StructureHandle="=Identity/src&amp;lt;org.company.fingerprint.distribution{HBaseDistributionController.java" StructureKind="java" NumEvents="7" CreationCount="43"/><InteractionEvent Delta="null" EndDate="2012-05-27 02:55:46.385 GMT+05:30" Interest="1.0" Kind="edit" Navigation="null" OriginId="org.eclipse.jdt.ui.CompilationUnitEditor" StartDate="2012-05-27 02:55:46.385 GMT+05:30" StructureHandle="=Identity/src&amp;lt;org.company.fingerprint.distribution{HBaseDistributionController.java" StructureKind="java"/><InteractionEvent Delta="null" EndDate="2012-05-27 03:08:43.512 GMT+05:30" Interest="230.0" Kind="propagation" Navigation="org.eclipse.mylyn.core.model.edges.containment" OriginId="org.eclipse.mylyn.core.model.interest.propagation" StartDate="2012-05-27 02:52:42.63 GMT+05:30" StructureHandle="/Identity/src/org" StructureKind="resource" NumEvents="230" CreationCount="2"/><InteractionEvent Delta="null" EndDate="2012-05-27 03:06:36.946 GMT+05:30" Interest="1.0" Kind="selection" Navigation="null" OriginId="org.eclipse.jdt.ui.TypeHierarchy" StartDate="2012-05-27 03:06:36.946 GMT+05:30" StructureHandle="=Identity/src&amp;lt;org.company.fingerprint.transport{IDuplexDistributionChannel.java[IDuplexDistributionChannel" StructureKind="java"/><InteractionEvent Delta="null" EndDate="2012-05-27 02:59:03.864 GMT+05:30" Interest="5.0" Kind="selection" Navigation="null" OriginId="org.eclipse.jdt.ui.CompilationUnitEditor" StartDate="2012-05-27 02:54:27.390 GMT+05:30" StructureHandle="=Identity/src&amp;lt;org.company.fingerprint.distribution{SynchnronizerBlock.java[SynchnronizerBlock~NotifyIfAllRepliesReceived" StructureKind="java" NumEvents="5" CreationCount="12"/><InteractionEvent Delta="null" EndDate="2012-05-27 02:59:04.552 GMT+05:30" Interest="13.0" Kind="edit" Navigation="null" OriginId="org.eclipse.jdt.ui.CompilationUnitEditor" StartDate="2012-05-27 02:54:28.28 GMT+05:30" StructureHandle="=Identity/src&amp;lt;org.company.fingerprint.distribution{SynchnronizerBlock.java[SynchnronizerBlock~NotifyIfAllRepliesReceived" StructureKind="java" NumEvents="13" CreationCount="12"/><InteractionEvent Delta="null" EndDate="2012-05-27 03:06:36.946 GMT+05:30" Interest="1.0" Kind="propagation" Navigation="org.eclipse.mylyn.core.model.edges.containment" OriginId="org.eclipse.mylyn.core.model.interest.propagation" StartDate="2012-05-27 03:06:36.946 GMT+05:30" StructureHandle="/Identity/src/org/company/fingerprint/transport" StructureKind="resource"/><InteractionEvent Delta="null" EndDate="2012-05-27 03:06:10.329 GMT+05:30" Interest="3.0" Kind="selection" Navigation="null" OriginId="org.eclipse.jdt.callhierarchy.view" StartDate="2012-05-27 03:02:34.984 GMT+05:30" StructureHandle="=Identity/src&amp;lt;org.company.fingerprint.distribution{HBaseDistributionController.java[HBaseDistributionController~RefrestServersList" StructureKind="java" NumEvents="3" CreationCount="197"/><InteractionEvent Delta="null" EndDate="2012-05-27 03:06:20.243 GMT+05:30" Interest="5.0" Kind="edit" Navigation="null" OriginId="org.eclipse.jdt.ui.CompilationUnitEditor" StartDate="2012-05-27 03:02:57.373 GMT+05:30" StructureHandle="=Identity/src&amp;lt;org.company.fingerprint.distribution{HBaseDistributionController.java[HBaseDistributionController~RefrestServersList" StructureKind="java" NumEvents="5" CreationCount="197"/><InteractionEvent Delta="null" EndDate="2012-05-27 03:06:27.502 GMT+05:30" Interest="9.0" Kind="selection" Navigation="null" OriginId="org.eclipse.jdt.callhierarchy.view" StartDate="2012-05-27 02:55:52.927 GMT+05:30" StructureHandle="=Identity/src&amp;lt;org.company.fingerprint.distribution{HBaseDistributionController.java[HBaseDistributionController~Execute~QObject;" StructureKind="java" NumEvents="9" CreationCount="46"/><InteractionEvent Delta="null" EndDate="2012-05-27 03:01:47.362 GMT+05:30" Interest="99.0" Kind="edit" Navigation="null" OriginId="org.eclipse.jdt.ui.CompilationUnitEditor" StartDate="2012-05-27 02:55:55.6 GMT+05:30" StructureHandle="=Identity/src&amp;lt;org.company.fingerprint.distribution{HBaseDistributionController.java[HBaseDistributionController~Execute~QObject;" StructureKind="java" NumEvents="99" CreationCount="46"/><InteractionEvent Delta="null" EndDate="2012-05-27 03:06:49.580 GMT+05:30" Interest="1.0" Kind="selection" Navigation="null" OriginId="org.eclipse.jdt.ui.CompilationUnitEditor" StartDate="2012-05-27 03:06:49.580 GMT+05:30" StructureHandle="=Identity/src&amp;lt;org.company.fingerprint.distribution{HBaseDistributionController.java[HBaseDistributionController^regionServers" StructureKind="java"/><InteractionEvent Delta="null" EndDate="2012-05-27 02:55:41.678 GMT+05:30" Interest="4.0" Kind="propagation" Navigation="null" OriginId="org.eclipse.jdt.ui.CompilationUnitEditor" StartDate="2012-05-27 02:52:42.62 GMT+05:30" StructureHandle="/Identity/src/org/company/fingerprint/distribution/DistributionMessageReply.java" StructureKind="resource" NumEvents="4" CreationCount="2"/><InteractionEvent Delta="null" EndDate="2012-05-27 03:02:21.999 GMT+05:30" Interest="3.1" Kind="propagation" Navigation="org.eclipse.mylyn.core.model.edges.containment" OriginId="org.eclipse.mylyn.core.model.interest.propagation" StartDate="2012-05-27 03:02:14.123 GMT+05:30" StructureHandle="=Identity/src&amp;lt;org.company.fingerprint.distribution{IDistributionController.java[IDistributionController" StructureKind="java" NumEvents="4" CreationCount="190"/><InteractionEvent Delta="null" EndDate="2012-05-27 02:59:15.804 GMT+05:30" Interest="2.0" Kind="selection" Navigation="null" OriginId="org.eclipse.jdt.ui.CompilationUnitEditor" StartDate="2012-05-27 02:59:13.406 GMT+05:30" StructureHandle="=Identity/src&amp;lt;org.company.fingerprint.distribution{SynchnronizerBlock.java[SynchnronizerBlock~GetResults" StructureKind="java" NumEvents="2" CreationCount="134"/><InteractionEvent Delta="null" EndDate="2012-05-27 02:59:21.110 GMT+05:30" Interest="3.0" Kind="edit" Navigation="null" OriginId="org.eclipse.jdt.ui.CompilationUnitEditor" StartDate="2012-05-27 02:59:17.14 GMT+05:30" StructureHandle="=Identity/src&amp;lt;org.company.fingerprint.distribution{SynchnronizerBlock.java[SynchnronizerBlock~GetResults" StructureKind="java" NumEvents="3" CreationCount="134"/><InteractionEvent Delta="null" EndDate="2012-05-27 03:08:43.512 GMT+05:30" Interest="229.017" Kind="propagation" Navigation="org.eclipse.mylyn.core.model.edges.containment" OriginId="org.eclipse.mylyn.core.model.interest.propagation" StartDate="2012-05-27 02:51:33.554 GMT+05:30" StructureHandle="/Identity/src" StructureKind="resource" NumEvents="232" CreationCount="1"/><InteractionEvent Delta="null" EndDate="2012-05-27 03:06:27.503 GMT+05:30" Interest="77.299995" Kind="propagation" Navigation="org.eclipse.mylyn.core.model.edges.containment" OriginId="org.eclipse.mylyn.core.model.interest.propagation" StartDate="2012-05-27 02:55:52.927 GMT+05:30" StructureHandle="=Identity/src&amp;lt;org.company.fingerprint.distribution{HBaseDistributionController.java[HBaseDistributionController" StructureKind="java" NumEvents="107" CreationCount="46"/><InteractionEvent Delta="null" EndDate="2012-05-27 03:03:38.410 GMT+05:30" Interest="1.0" Kind="selection" Navigation="null" OriginId="org.eclipse.jdt.ui.CompilationUnitEditor" StartDate="2012-05-27 03:03:38.410 GMT+05:30" StructureHandle="=Identity/src&amp;lt;org.company.fingerprint.distribution{HBaseDistributionController.java[HBaseDistributionController" StructureKind="java"/><InteractionEvent Delta="null" EndDate="2012-05-27 03:08:43.512 GMT+05:30" Interest="145.0" Kind="propagation" Navigation="null" OriginId="org.eclipse.jdt.ui.CompilationUnitEditor" StartDate="2012-05-27 02:55:45.913 GMT+05:30" StructureHandle="/Identity/src/org/company/fingerprint/distribution/HBaseDistributionController.java" StructureKind="resource" NumEvents="145" CreationCount="43"/><InteractionEvent Delta="null" EndDate="2012-05-27 03:08:43.512 GMT+05:30" Interest="230.0" Kind="propagation" Navigation="null" OriginId="org.eclipse.jdt.ui.CompilationUnitEditor" StartDate="2012-05-27 02:52:42.62 GMT+05:30" StructureHandle="/Identity/src/org/company/fingerprint/distribution" StructureKind="resource" NumEvents="230" CreationCount="2"/><InteractionEvent Delta="null" EndDate="2012-05-27 03:06:56.995 GMT+05:30" Interest="2.0" Kind="selection" Navigation="null" OriginId="org.eclipse.jdt.ui.CompilationUnitEditor" StartDate="2012-05-27 03:03:42.830 GMT+05:30" StructureHandle="=Identity/src&amp;lt;org.company.fingerprint.distribution{HBaseDistributionController.java[HBaseDistributionController^synchnronizerBlocks" StructureKind="java" NumEvents="2" CreationCount="206"/><InteractionEvent Delta="null" EndDate="2012-05-27 03:08:43.511 GMT+05:30" Interest="2.0" Kind="edit" Navigation="null" OriginId="org.eclipse.jdt.ui.CompilationUnitEditor" StartDate="2012-05-27 03:08:03.716 GMT+05:30" StructureHandle="=Identity/src&amp;lt;org.company.fingerprint.distribution{HBaseDistributionController.java[HBaseDistributionController^synchnronizerBlocks" StructureKind="java" NumEvents="2" CreationCount="206"/></InteractionHistory>