<?xml version="1.0" encoding="UTF-8"?><InteractionHistory Id="local-2" Version="1"><InteractionEvent Delta="null" EndDate="2012-05-26 21:38:57.352 GMT+05:30" Interest="6.07" Kind="propagation" Navigation="org.eclipse.mylyn.core.model.edges.containment" OriginId="org.eclipse.mylyn.core.model.interest.propagation" StartDate="2012-05-26 21:37:37.631 GMT+05:30" StructureHandle="=Identity/src&amp;lt;org.company.fingerprint.server" StructureKind="java" NumEvents="12" CreationCount="1"/><InteractionEvent Delta="null" EndDate="2012-05-26 21:38:57.351 GMT+05:30" Interest="18.0" Kind="propagation" Navigation="org.eclipse.mylyn.core.model.edges.containment" OriginId="org.eclipse.mylyn.core.model.interest.propagation" StartDate="2012-05-26 21:37:37.630 GMT+05:30" StructureHandle="/Identity/src/org/company/fingerprint" StructureKind="resource" NumEvents="18" CreationCount="1"/><InteractionEvent Delta="null" EndDate="2012-05-26 21:38:57.351 GMT+05:30" Interest="18.0" Kind="propagation" Navigation="org.eclipse.mylyn.core.model.edges.containment" OriginId="org.eclipse.mylyn.core.model.interest.propagation" StartDate="2012-05-26 21:37:37.630 GMT+05:30" StructureHandle="/" StructureKind="resource" NumEvents="18" CreationCount="1"/><InteractionEvent Delta="null" EndDate="2012-05-26 21:38:57.351 GMT+05:30" Interest="18.0" Kind="propagation" Navigation="org.eclipse.mylyn.core.model.edges.containment" OriginId="org.eclipse.mylyn.core.model.interest.propagation" StartDate="2012-05-26 21:37:37.630 GMT+05:30" StructureHandle="/Identity/src/org" StructureKind="resource" NumEvents="18" CreationCount="1"/><InteractionEvent Delta="null" EndDate="2012-05-26 21:38:57.352 GMT+05:30" Interest="6.07" Kind="propagation" Navigation="org.eclipse.mylyn.core.model.edges.containment" OriginId="org.eclipse.mylyn.core.model.interest.propagation" StartDate="2012-05-26 21:37:37.631 GMT+05:30" StructureHandle="=Identity/src" StructureKind="java" NumEvents="12" CreationCount="1"/><InteractionEvent Delta="null" EndDate="2012-05-26 21:38:57.351 GMT+05:30" Interest="4.07" Kind="propagation" Navigation="org.eclipse.mylyn.core.model.edges.containment" OriginId="org.eclipse.mylyn.core.model.interest.propagation" StartDate="2012-05-26 21:37:37.738 GMT+05:30" StructureHandle="=Identity/src&amp;lt;org.company.fingerprint.server{Main.java" StructureKind="java" NumEvents="9" CreationCount="1"/><InteractionEvent Delta="null" EndDate="2012-05-26 21:37:53.65 GMT+05:30" Interest="2.0" Kind="selection" Navigation="null" OriginId="org.eclipse.jdt.ui.CompilationUnitEditor" StartDate="2012-05-26 21:37:37.628 GMT+05:30" StructureHandle="=Identity/src&amp;lt;org.company.fingerprint.server{Main.java" StructureKind="java" NumEvents="2" CreationCount="1"/><InteractionEvent Delta="null" EndDate="2012-05-26 21:38:57.350 GMT+05:30" Interest="0.15299988" Kind="propagation" Navigation="org.eclipse.mylyn.core.model.edges.containment" OriginId="org.eclipse.mylyn.core.model.interest.propagation" StartDate="2012-05-26 21:38:57.350 GMT+05:30" StructureHandle="=Identity/src&amp;lt;org.company.fingerprint.server{Main.java[Main" StructureKind="java"/><InteractionEvent Delta="null" EndDate="2012-05-26 21:37:37.737 GMT+05:30" Interest="1.0" Kind="selection" Navigation="null" OriginId="org.eclipse.jdt.ui.CompilationUnitEditor" StartDate="2012-05-26 21:37:37.737 GMT+05:30" StructureHandle="=Identity/src&amp;lt;org.company.fingerprint.server{Main.java[Main" StructureKind="java"/><InteractionEvent Delta="null" EndDate="2012-05-26 21:38:33.834 GMT+05:30" Interest="7.0" Kind="edit" Navigation="null" OriginId="org.eclipse.jdt.ui.CompilationUnitEditor" StartDate="2012-05-26 21:37:53.116 GMT+05:30" StructureHandle="=Identity/src&amp;lt;org.company.fingerprint.server{Main.java[Main" StructureKind="java" NumEvents="7" CreationCount="2"/><InteractionEvent Delta="null" EndDate="2012-05-26 21:38:57.350 GMT+05:30" Interest="18.0" Kind="propagation" Navigation="null" OriginId="org.eclipse.jdt.ui.CompilationUnitEditor" StartDate="2012-05-26 21:37:37.629 GMT+05:30" StructureHandle="/Identity/src/org/company/fingerprint/server/Main.java" StructureKind="resource" NumEvents="18" CreationCount="1"/><InteractionEvent Delta="null" EndDate="2012-05-26 21:38:57.351 GMT+05:30" Interest="18.0" Kind="propagation" Navigation="org.eclipse.mylyn.core.model.edges.containment" OriginId="org.eclipse.mylyn.core.model.interest.propagation" StartDate="2012-05-26 21:37:37.630 GMT+05:30" StructureHandle="=Identity" StructureKind="resource" NumEvents="18" CreationCount="1"/><InteractionEvent Delta="null" EndDate="2012-05-26 21:38:57.350 GMT+05:30" Interest="18.0" Kind="propagation" Navigation="org.eclipse.mylyn.core.model.edges.containment" OriginId="org.eclipse.mylyn.core.model.interest.propagation" StartDate="2012-05-26 21:37:37.630 GMT+05:30" StructureHandle="/Identity/src/org/company/fingerprint/server" StructureKind="resource" NumEvents="18" CreationCount="1"/><InteractionEvent Delta="null" EndDate="2012-05-26 21:38:57.351 GMT+05:30" Interest="18.0" Kind="propagation" Navigation="org.eclipse.mylyn.core.model.edges.containment" OriginId="org.eclipse.mylyn.core.model.interest.propagation" StartDate="2012-05-26 21:37:37.630 GMT+05:30" StructureHandle="/Identity/src" StructureKind="resource" NumEvents="18" CreationCount="1"/><InteractionEvent Delta="null" EndDate="2012-05-26 21:38:57.351 GMT+05:30" Interest="18.0" Kind="propagation" Navigation="org.eclipse.mylyn.core.model.edges.containment" OriginId="org.eclipse.mylyn.core.model.interest.propagation" StartDate="2012-05-26 21:37:37.630 GMT+05:30" StructureHandle="/Identity/src/org/company" StructureKind="resource" NumEvents="18" CreationCount="1"/><InteractionEvent Delta="null" EndDate="2012-05-26 21:38:38.915 GMT+05:30" Interest="1.0" Kind="selection" Navigation="null" OriginId="org.eclipse.jdt.ui.CompilationUnitEditor" StartDate="2012-05-26 21:38:38.915 GMT+05:30" StructureHandle="=Identity/src&amp;lt;org.company.fingerprint.server{Main.java[Main~Main" StructureKind="java"/><InteractionEvent Delta="null" EndDate="2012-05-26 21:38:57.350 GMT+05:30" Interest="7.0" Kind="edit" Navigation="null" OriginId="org.eclipse.jdt.ui.CompilationUnitEditor" StartDate="2012-05-26 21:38:45.400 GMT+05:30" StructureHandle="=Identity/src&amp;lt;org.company.fingerprint.server{Main.java[Main~Main" StructureKind="java" NumEvents="7" CreationCount="11"/></InteractionHistory>