<?xml version="1.0" encoding="UTF-8"?><InteractionHistory Id="local-3" Version="1"><InteractionEvent Delta="null" EndDate="2012-05-27 01:14:27.673 GMT+05:30" Interest="2.0" Kind="selection" Navigation="null" OriginId="org.eclipse.jdt.ui.CompilationUnitEditor" StartDate="2012-05-27 01:05:24.793 GMT+05:30" StructureHandle="=Identity/src&amp;lt;org.company.fingerprint.transport{IDistributionChannelReceiveCallback.java" StructureKind="java" NumEvents="2" CreationCount="18"/><InteractionEvent Delta="null" EndDate="2012-05-27 02:01:48.405 GMT+05:30" Interest="0.006000042" Kind="manipulation" Navigation="null" OriginId="org.eclipse.mylyn.core.model.interest.decay.correction" StartDate="2012-05-27 02:01:48.405 GMT+05:30" StructureHandle="/Identity/src/org/company/fingerprint/distribution/distribution.ucd" StructureKind="resource"/><InteractionEvent Delta="null" EndDate="2012-05-27 01:52:26.661 GMT+05:30" Interest="1.0" Kind="propagation" Navigation="null" OriginId="org.eclipse.mylyn.resources.ui.interest.updater" StartDate="2012-05-27 01:52:26.661 GMT+05:30" StructureHandle="/Identity/src/org/company/fingerprint/distribution/distribution.ucd" StructureKind="resource"/><InteractionEvent Delta="null" EndDate="2012-05-27 02:15:19.339 GMT+05:30" Interest="1.0" Kind="prediction" Navigation="null" OriginId="org.eclipse.mylyn.resources.ui.interest.updater" StartDate="2012-05-27 02:15:19.339 GMT+05:30" StructureHandle="/Identity/src/org/company/fingerprint/distribution/distribution.ucd" StructureKind="resource"/><InteractionEvent Delta="null" EndDate="2012-05-27 02:01:48.405 GMT+05:30" Interest="2.0" Kind="selection" Navigation="null" OriginId="com.soyatec.uml.ClassDiagramEditor" StartDate="2012-05-27 01:54:50.208 GMT+05:30" StructureHandle="/Identity/src/org/company/fingerprint/distribution/distribution.ucd" StructureKind="resource" NumEvents="2" CreationCount="52"/><InteractionEvent Delta="null" EndDate="2012-05-27 02:13:32.59 GMT+05:30" Interest="1.0" Kind="selection" Navigation="null" OriginId="org.eclipse.jdt.ui.CompilationUnitEditor" StartDate="2012-05-27 02:13:32.59 GMT+05:30" StructureHandle="=Identity/src&amp;lt;org.company.fingerprint.distribution{SynchnronizerBlock.java[SynchnronizerBlock~CallbackIfAllRepliesReceived" StructureKind="java"/><InteractionEvent Delta="null" EndDate="2012-05-27 02:15:06.991 GMT+05:30" Interest="35.0" Kind="edit" Navigation="null" OriginId="org.eclipse.jdt.ui.CompilationUnitEditor" StartDate="2012-05-27 02:13:33.437 GMT+05:30" StructureHandle="=Identity/src&amp;lt;org.company.fingerprint.distribution{SynchnronizerBlock.java[SynchnronizerBlock~CallbackIfAllRepliesReceived" StructureKind="java" NumEvents="35" CreationCount="351"/><InteractionEvent Delta="null" EndDate="2012-05-27 01:52:30.525 GMT+05:30" Interest="1.0" Kind="selection" Navigation="null" OriginId="org.eclipse.jdt.ui.CompilationUnitEditor" StartDate="2012-05-27 01:52:30.525 GMT+05:30" StructureHandle="=Identity/src&amp;lt;org.company.fingerprint.distribution{HBaseDistributionController.java#java.util.Map.Entry" StructureKind="java"/><InteractionEvent Delta="null" EndDate="2012-05-27 02:10:45.421 GMT+05:30" Interest="8.0" Kind="selection" Navigation="null" OriginId="org.eclipse.jdt.ui.CompilationUnitEditor" StartDate="2012-05-27 02:00:41.91 GMT+05:30" StructureHandle="=Identity/src&amp;lt;org.company.fingerprint.distribution{SynchnronizerBlock.java[SynchnronizerBlock~AddResult~QDistributionMessageReply;" StructureKind="java" NumEvents="8" CreationCount="167"/><InteractionEvent Delta="null" EndDate="2012-05-27 02:13:18.338 GMT+05:30" Interest="107.0" Kind="edit" Navigation="null" OriginId="org.eclipse.jdt.ui.CompilationUnitEditor" StartDate="2012-05-27 02:00:44.425 GMT+05:30" StructureHandle="=Identity/src&amp;lt;org.company.fingerprint.distribution{SynchnronizerBlock.java[SynchnronizerBlock~AddResult~QDistributionMessageReply;" StructureKind="java" NumEvents="107" CreationCount="167"/><InteractionEvent Delta="null" EndDate="2012-05-27 01:32:07.86 GMT+05:30" Interest="1.0" Kind="selection" Navigation="null" OriginId="org.eclipse.jdt.ui.CompilationUnitEditor" StartDate="2012-05-27 01:32:07.86 GMT+05:30" StructureHandle="=Identity/src&amp;lt;org.company.fingerprint.distribution{HBaseDistributionController.java[HBaseDistributionController~HBaseDistributionController~QString;" StructureKind="java"/><InteractionEvent Delta="null" EndDate="2012-05-27 01:14:27.835 GMT+05:30" Interest="2.0" Kind="selection" Navigation="null" OriginId="org.eclipse.jdt.ui.CompilationUnitEditor" StartDate="2012-05-27 01:05:23.713 GMT+05:30" StructureHandle="=Identity/src&amp;lt;org.company.fingerprint.transport{IDuplexDistributionChannel.java" StructureKind="java" NumEvents="2" CreationCount="17"/><InteractionEvent Delta="null" EndDate="2012-05-27 02:18:11.51 GMT+05:30" Interest="104.32198" Kind="propagation" Navigation="org.eclipse.mylyn.core.model.edges.containment" OriginId="org.eclipse.mylyn.core.model.interest.propagation" StartDate="2012-05-27 01:02:48.740 GMT+05:30" StructureHandle="=Identity/src" StructureKind="java" NumEvents="142" CreationCount="1"/><InteractionEvent Delta="null" EndDate="2012-05-27 01:20:00.651 GMT+05:30" Interest="2.0" Kind="selection" Navigation="null" OriginId="org.eclipse.jdt.ui.PackageExplorer" StartDate="2012-05-27 01:14:27.360 GMT+05:30" StructureHandle="=Identity/src&amp;lt;org.company.fingerprint.server{Main.java" StructureKind="java" NumEvents="2" CreationCount="24"/><InteractionEvent Delta="null" EndDate="2012-05-27 02:06:22.37 GMT+05:30" Interest="1.0" Kind="selection" Navigation="null" OriginId="org.eclipse.jdt.ui.CompilationUnitEditor" StartDate="2012-05-27 02:06:22.37 GMT+05:30" StructureHandle="=Identity/src&amp;lt;org.company.fingerprint.distribution{DistributionMessageReply.java[DistributionMessageReply^Server" StructureKind="java"/><InteractionEvent Delta="null" EndDate="2012-05-27 01:20:00.575 GMT+05:30" Interest="2.0" Kind="propagation" Navigation="org.eclipse.mylyn.core.model.edges.containment" OriginId="org.eclipse.mylyn.core.model.interest.propagation" StartDate="2012-05-27 01:14:27.988 GMT+05:30" StructureHandle="/Identity/test/org" StructureKind="resource" NumEvents="2" CreationCount="28"/><InteractionEvent Delta="null" EndDate="2012-05-27 02:08:43.423 GMT+05:30" Interest="1.0" Kind="selection" Navigation="null" OriginId="org.eclipse.jdt.ui.CompilationUnitEditor" StartDate="2012-05-27 02:08:43.423 GMT+05:30" StructureHandle="=Identity/src&amp;lt;org.company.fingerprint.distribution{DistributionMessageReply.java[DistributionMessageReply^Result" StructureKind="java"/><InteractionEvent Delta="null" EndDate="2012-05-27 01:14:27.523 GMT+05:30" Interest="1.0" Kind="selection" Navigation="null" OriginId="org.eclipse.jdt.ui.CompilationUnitEditor" StartDate="2012-05-27 01:14:27.523 GMT+05:30" StructureHandle="=Identity/src&amp;lt;org.company.fingerprint.server{Server.java" StructureKind="java"/><InteractionEvent Delta="null" EndDate="2012-05-27 01:59:41.583 GMT+05:30" Interest="0.1220001" Kind="manipulation" Navigation="null" OriginId="org.eclipse.mylyn.core.model.interest.decay.correction" StartDate="2012-05-27 01:59:41.583 GMT+05:30" StructureHandle="=Identity/src&amp;lt;org.company.fingerprint.distribution{SynchnronizerBlock.java[SynchnronizerBlock^OperationId" StructureKind="java"/><InteractionEvent Delta="null" EndDate="2012-05-27 01:59:41.583 GMT+05:30" Interest="2.0" Kind="selection" Navigation="null" OriginId="org.eclipse.jdt.ui.CompilationUnitEditor" StartDate="2012-05-27 01:57:11.918 GMT+05:30" StructureHandle="=Identity/src&amp;lt;org.company.fingerprint.distribution{SynchnronizerBlock.java[SynchnronizerBlock^OperationId" StructureKind="java" NumEvents="2" CreationCount="85"/><InteractionEvent Delta="null" EndDate="2012-05-27 02:16:49.673 GMT+05:30" Interest="87.42299" Kind="propagation" Navigation="org.eclipse.mylyn.core.model.edges.containment" OriginId="org.eclipse.mylyn.core.model.interest.propagation" StartDate="2012-05-27 01:47:22.36 GMT+05:30" StructureHandle="=Identity/src&amp;lt;org.company.fingerprint.distribution{SynchnronizerBlock.java" StructureKind="java" NumEvents="127" CreationCount="48"/><InteractionEvent Delta="null" EndDate="2012-05-27 02:18:11.50 GMT+05:30" Interest="14.0" Kind="selection" Navigation="null" OriginId="org.eclipse.jdt.ui.CompilationUnitEditor" StartDate="2012-05-27 01:53:13.338 GMT+05:30" StructureHandle="=Identity/src&amp;lt;org.company.fingerprint.distribution{SynchnronizerBlock.java" StructureKind="java" NumEvents="14" CreationCount="48"/><InteractionEvent Delta="null" EndDate="2012-05-27 02:15:39.379 GMT+05:30" Interest="3.0" Kind="edit" Navigation="null" OriginId="org.eclipse.jdt.ui.CompilationUnitEditor" StartDate="2012-05-27 02:03:50.343 GMT+05:30" StructureHandle="=Identity/src&amp;lt;org.company.fingerprint.distribution{SynchnronizerBlock.java" StructureKind="java" NumEvents="3" CreationCount="48"/><InteractionEvent Delta="null" EndDate="2012-05-27 02:15:19.176 GMT+05:30" Interest="4.4400005" Kind="manipulation" Navigation="null" OriginId="org.eclipse.mylyn.core.model.interest.decay.correction" StartDate="2012-05-27 02:15:19.176 GMT+05:30" StructureHandle="/Identity/src/org/company/fingerprint/distribution/ISynchronizedOperationCompletionCallback.java" StructureKind="resource"/><InteractionEvent Delta="null" EndDate="2012-05-27 02:15:19.769 GMT+05:30" Interest="3.0" Kind="propagation" Navigation="null" OriginId="org.eclipse.jdt.ui.CompilationUnitEditor" StartDate="2012-05-27 01:56:17.924 GMT+05:30" StructureHandle="/Identity/src/org/company/fingerprint/distribution/ISynchronizedOperationCompletionCallback.java" StructureKind="resource" NumEvents="3" CreationCount="68"/><InteractionEvent Delta="null" EndDate="2012-05-27 01:20:00.652 GMT+05:30" Interest="2.0" Kind="propagation" Navigation="null" OriginId="org.eclipse.jdt.ui.PackageExplorer" StartDate="2012-05-27 01:14:27.360 GMT+05:30" StructureHandle="/Identity/src/org/company/fingerprint/server/Main.java" StructureKind="resource" NumEvents="2" CreationCount="24"/><InteractionEvent Delta="null" EndDate="2012-05-27 02:10:43.251 GMT+05:30" Interest="7.0" Kind="selection" Navigation="null" OriginId="org.eclipse.jdt.ui.CompilationUnitEditor" StartDate="2012-05-27 01:57:44.353 GMT+05:30" StructureHandle="=Identity/src&amp;lt;org.company.fingerprint.distribution{SynchnronizerBlock.java[SynchnronizerBlock~SynchnronizerBlock~J~QISynchronizedOperationCompletionCallback;" StructureKind="java" NumEvents="7" CreationCount="95"/><InteractionEvent Delta="null" EndDate="2012-05-27 02:03:56.934 GMT+05:30" Interest="54.0" Kind="edit" Navigation="null" OriginId="org.eclipse.jdt.ui.CompilationUnitEditor" StartDate="2012-05-27 01:57:46.40 GMT+05:30" StructureHandle="=Identity/src&amp;lt;org.company.fingerprint.distribution{SynchnronizerBlock.java[SynchnronizerBlock~SynchnronizerBlock~J~QISynchronizedOperationCompletionCallback;" StructureKind="java" NumEvents="54" CreationCount="95"/><InteractionEvent Delta="null" EndDate="2012-05-27 01:14:27.674 GMT+05:30" Interest="2.017" Kind="propagation" Navigation="org.eclipse.mylyn.core.model.edges.containment" OriginId="org.eclipse.mylyn.core.model.interest.propagation" StartDate="2012-05-27 01:05:23.714 GMT+05:30" StructureHandle="=Identity/src&amp;lt;org.company.fingerprint.transport" StructureKind="java" NumEvents="3" CreationCount="17"/><InteractionEvent Delta="null" EndDate="2012-05-27 01:45:56.88 GMT+05:30" Interest="16.0" Kind="selection" Navigation="null" OriginId="org.eclipse.jdt.ui.PackageExplorer" StartDate="2012-05-27 01:02:48.738 GMT+05:30" StructureHandle="=Identity/src&amp;lt;org.company.fingerprint.distribution{IDistributionController.java" StructureKind="java" NumEvents="16" CreationCount="1"/><InteractionEvent Delta="null" EndDate="2012-05-27 01:29:52.134 GMT+05:30" Interest="3.0" Kind="edit" Navigation="null" OriginId="org.eclipse.jdt.ui.CompilationUnitEditor" StartDate="2012-05-27 01:04:11.237 GMT+05:30" StructureHandle="=Identity/src&amp;lt;org.company.fingerprint.distribution{IDistributionController.java" StructureKind="java" NumEvents="3" CreationCount="1"/><InteractionEvent Delta="null" EndDate="2012-05-27 01:52:29.925 GMT+05:30" Interest="2.0" Kind="selection" Navigation="null" OriginId="org.eclipse.jdt.ui.CompilationUnitEditor" StartDate="2012-05-27 01:52:12.342 GMT+05:30" StructureHandle="=Identity/src&amp;lt;org.company.fingerprint.distribution{HBaseDistributionController.java#java.util.HashMap" StructureKind="java" NumEvents="2" CreationCount="51"/><InteractionEvent Delta="null" EndDate="2012-05-27 01:20:00.574 GMT+05:30" Interest="2.0" Kind="selection" Navigation="null" OriginId="org.eclipse.jdt.ui.PackageExplorer" StartDate="2012-05-27 01:14:27.987 GMT+05:30" StructureHandle="=Identity/test&amp;lt;org.company.fingerprint.distribution{HBaseDistributionControllerTest.java" StructureKind="java" NumEvents="2" CreationCount="28"/><InteractionEvent Delta="null" EndDate="2012-05-27 02:19:35.251 GMT+05:30" Interest="416.0" Kind="propagation" Navigation="org.eclipse.mylyn.core.model.edges.containment" OriginId="org.eclipse.mylyn.core.model.interest.propagation" StartDate="2012-05-27 01:02:48.739 GMT+05:30" StructureHandle="/Identity/src/org/company" StructureKind="resource" NumEvents="416" CreationCount="1"/><InteractionEvent Delta="null" EndDate="2012-05-27 02:13:18.338 GMT+05:30" Interest="57.084995" Kind="propagation" Navigation="org.eclipse.mylyn.core.model.edges.containment" OriginId="org.eclipse.mylyn.core.model.interest.propagation" StartDate="2012-05-27 01:58:39.103 GMT+05:30" StructureHandle="=Identity/src&amp;lt;org.company.fingerprint.distribution{SynchnronizerBlock.java[SynchnronizerBlock" StructureKind="java" NumEvents="82" CreationCount="62"/><InteractionEvent Delta="null" EndDate="2012-05-27 02:18:11.81 GMT+05:30" Interest="13.0" Kind="selection" Navigation="null" OriginId="org.eclipse.jdt.ui.CompilationUnitEditor" StartDate="2012-05-27 01:53:16.947 GMT+05:30" StructureHandle="=Identity/src&amp;lt;org.company.fingerprint.distribution{SynchnronizerBlock.java[SynchnronizerBlock" StructureKind="java" NumEvents="13" CreationCount="62"/><InteractionEvent Delta="null" EndDate="2012-05-27 02:17:57.688 GMT+05:30" Interest="47.0" Kind="edit" Navigation="null" OriginId="org.eclipse.jdt.ui.CompilationUnitEditor" StartDate="2012-05-27 01:53:25.694 GMT+05:30" StructureHandle="=Identity/src&amp;lt;org.company.fingerprint.distribution{SynchnronizerBlock.java[SynchnronizerBlock" StructureKind="java" NumEvents="47" CreationCount="62"/><InteractionEvent Delta="null" EndDate="2012-05-27 01:20:00.652 GMT+05:30" Interest="2.0" Kind="propagation" Navigation="org.eclipse.mylyn.core.model.edges.containment" OriginId="org.eclipse.mylyn.core.model.interest.propagation" StartDate="2012-05-27 01:14:27.361 GMT+05:30" StructureHandle="=Identity/src&amp;lt;org.company.fingerprint.server" StructureKind="java" NumEvents="3" CreationCount="24"/><InteractionEvent Delta="null" EndDate="2012-05-27 01:20:00.574 GMT+05:30" Interest="2.0" Kind="propagation" Navigation="org.eclipse.mylyn.core.model.edges.containment" OriginId="org.eclipse.mylyn.core.model.interest.propagation" StartDate="2012-05-27 01:14:27.987 GMT+05:30" StructureHandle="/Identity/test/org/company/fingerprint/distribution" StructureKind="resource" NumEvents="2" CreationCount="28"/><InteractionEvent Delta="null" EndDate="2012-05-27 02:15:19.176 GMT+05:30" Interest="4.4230003" Kind="manipulation" Navigation="null" OriginId="org.eclipse.mylyn.core.model.interest.decay.correction" StartDate="2012-05-27 02:15:19.176 GMT+05:30" StructureHandle="=Identity/src&amp;lt;org.company.fingerprint.distribution{ISynchronizedOperationCompletionCallback.java" StructureKind="java"/><InteractionEvent Delta="null" EndDate="2012-05-27 02:15:19.770 GMT+05:30" Interest="1.0339999" Kind="propagation" Navigation="org.eclipse.mylyn.core.model.edges.containment" OriginId="org.eclipse.mylyn.core.model.interest.propagation" StartDate="2012-05-27 01:56:17.924 GMT+05:30" StructureHandle="=Identity/src&amp;lt;org.company.fingerprint.distribution{ISynchronizedOperationCompletionCallback.java" StructureKind="java" NumEvents="2" CreationCount="68"/><InteractionEvent Delta="null" EndDate="2012-05-27 02:15:19.176 GMT+05:30" Interest="1.0" Kind="selection" Navigation="null" OriginId="org.eclipse.jdt.ui.CompilationUnitEditor" StartDate="2012-05-27 02:15:19.176 GMT+05:30" StructureHandle="=Identity/src&amp;lt;org.company.fingerprint.distribution{ISynchronizedOperationCompletionCallback.java" StructureKind="java"/><InteractionEvent Delta="null" EndDate="2012-05-27 02:19:35.250 GMT+05:30" Interest="423.0" Kind="propagation" Navigation="org.eclipse.mylyn.core.model.edges.containment" OriginId="org.eclipse.mylyn.core.model.interest.propagation" StartDate="2012-05-27 01:02:48.739 GMT+05:30" StructureHandle="/" StructureKind="resource" NumEvents="423" CreationCount="1"/><InteractionEvent Delta="null" EndDate="2012-05-27 02:19:35.206 GMT+05:30" Interest="14.0" Kind="selection" Navigation="null" OriginId="org.eclipse.jdt.ui.CompilationUnitEditor" StartDate="2012-05-27 01:05:07.228 GMT+05:30" StructureHandle="=Identity/src&amp;lt;org.company.fingerprint.distribution{HBaseDistributionController.java" StructureKind="java" NumEvents="14" CreationCount="9"/><InteractionEvent Delta="null" EndDate="2012-05-27 01:32:05.431 GMT+05:30" Interest="2.0" Kind="edit" Navigation="null" OriginId="org.eclipse.jdt.ui.CompilationUnitEditor" StartDate="2012-05-27 01:05:07.717 GMT+05:30" StructureHandle="=Identity/src&amp;lt;org.company.fingerprint.distribution{HBaseDistributionController.java" StructureKind="java" NumEvents="2" CreationCount="9"/><InteractionEvent Delta="null" EndDate="2012-05-27 01:20:00.574 GMT+05:30" Interest="2.0" Kind="propagation" Navigation="null" OriginId="org.eclipse.jdt.ui.PackageExplorer" StartDate="2012-05-27 01:14:27.987 GMT+05:30" StructureHandle="/Identity/test/org/company/fingerprint/distribution/HBaseDistributionControllerTest.java" StructureKind="resource" NumEvents="2" CreationCount="28"/><InteractionEvent Delta="null" EndDate="2012-05-27 01:14:27.674 GMT+05:30" Interest="2.0" Kind="propagation" Navigation="null" OriginId="org.eclipse.jdt.ui.CompilationUnitEditor" StartDate="2012-05-27 01:05:24.793 GMT+05:30" StructureHandle="/Identity/src/org/company/fingerprint/transport/IDistributionChannelReceiveCallback.java" StructureKind="resource" NumEvents="2" CreationCount="18"/><InteractionEvent Delta="null" EndDate="2012-05-27 02:08:35.810 GMT+05:30" Interest="2.0" Kind="selection" Navigation="null" OriginId="org.eclipse.jdt.ui.CompilationUnitEditor" StartDate="2012-05-27 02:06:53.614 GMT+05:30" StructureHandle="=Identity/src&amp;lt;org.company.fingerprint.distribution{DistributionMessageReply.java[DistributionMessageReply^OperationId" StructureKind="java" NumEvents="2" CreationCount="244"/><InteractionEvent Delta="null" EndDate="2012-05-27 02:02:51.984 GMT+05:30" Interest="1.0" Kind="propagation" Navigation="org.eclipse.mylyn.core.model.edges.containment" OriginId="org.eclipse.mylyn.core.model.interest.propagation" StartDate="2012-05-27 02:02:51.984 GMT+05:30" StructureHandle="=Identity/src&amp;lt;org.company.fingerprint.agent" StructureKind="java"/><InteractionEvent Delta="null" EndDate="2012-05-27 02:07:02.223 GMT+05:30" Interest="1.0" Kind="selection" Navigation="null" OriginId="org.eclipse.jdt.ui.CompilationUnitEditor" StartDate="2012-05-27 02:07:02.223 GMT+05:30" StructureHandle="=Identity/src&amp;lt;org.company.fingerprint.distribution{DistributionMessageReply.java[DistributionMessageReply^GetOperationId" StructureKind="java"/><InteractionEvent Delta="null" EndDate="2012-05-27 02:07:12.618 GMT+05:30" Interest="5.0" Kind="edit" Navigation="null" OriginId="org.eclipse.jdt.ui.CompilationUnitEditor" StartDate="2012-05-27 02:07:06.254 GMT+05:30" StructureHandle="=Identity/src&amp;lt;org.company.fingerprint.distribution{DistributionMessageReply.java[DistributionMessageReply~GetOperationId" StructureKind="java" NumEvents="5" CreationCount="247"/><InteractionEvent Delta="null" EndDate="2012-05-27 01:20:17.394 GMT+05:30" Interest="3.7" Kind="propagation" Navigation="org.eclipse.mylyn.core.model.edges.containment" OriginId="org.eclipse.mylyn.core.model.interest.propagation" StartDate="2012-05-27 01:05:11.324 GMT+05:30" StructureHandle="=Identity/src&amp;lt;org.company.fingerprint.distribution{IDistributionController.java[IDistributionController" StructureKind="java" NumEvents="4" CreationCount="15"/><InteractionEvent Delta="null" EndDate="2012-05-27 02:05:33.123 GMT+05:30" Interest="1.451" Kind="propagation" Navigation="org.eclipse.mylyn.core.model.edges.containment" OriginId="org.eclipse.mylyn.core.model.interest.propagation" StartDate="2012-05-27 02:05:30.234 GMT+05:30" StructureHandle="=Identity/src&amp;lt;org.company.fingerprint.distribution{DistributionMessageReply.java[DistributionMessageReply" StructureKind="java" NumEvents="3" CreationCount="211"/><InteractionEvent Delta="null" EndDate="2012-05-27 02:18:08.880 GMT+05:30" Interest="10.0" Kind="selection" Navigation="null" OriginId="org.eclipse.jdt.ui.CompilationUnitEditor" StartDate="2012-05-27 02:05:10.812 GMT+05:30" StructureHandle="=Identity/src&amp;lt;org.company.fingerprint.distribution{DistributionMessageReply.java[DistributionMessageReply" StructureKind="java" NumEvents="10" CreationCount="211"/><InteractionEvent Delta="null" EndDate="2012-05-27 02:06:50.639 GMT+05:30" Interest="11.0" Kind="edit" Navigation="null" OriginId="org.eclipse.jdt.ui.CompilationUnitEditor" StartDate="2012-05-27 02:05:13.51 GMT+05:30" StructureHandle="=Identity/src&amp;lt;org.company.fingerprint.distribution{DistributionMessageReply.java[DistributionMessageReply" StructureKind="java" NumEvents="11" CreationCount="211"/><InteractionEvent Delta="null" EndDate="2012-05-27 01:20:00.652 GMT+05:30" Interest="2.0" Kind="propagation" Navigation="org.eclipse.mylyn.core.model.edges.containment" OriginId="org.eclipse.mylyn.core.model.interest.propagation" StartDate="2012-05-27 01:14:27.361 GMT+05:30" StructureHandle="/Identity/src/org/company/fingerprint/server" StructureKind="resource" NumEvents="3" CreationCount="24"/><InteractionEvent Delta="null" EndDate="2012-05-27 02:19:35.251 GMT+05:30" Interest="424.0" Kind="propagation" Navigation="null" OriginId="org.eclipse.jdt.ui.CompilationUnitEditor" StartDate="2012-05-27 01:02:48.739 GMT+05:30" StructureHandle="/Identity/src" StructureKind="resource" NumEvents="424" CreationCount="1"/><InteractionEvent Delta="null" EndDate="2012-05-27 01:20:00.575 GMT+05:30" Interest="2.0" Kind="propagation" Navigation="org.eclipse.mylyn.core.model.edges.containment" OriginId="org.eclipse.mylyn.core.model.interest.propagation" StartDate="2012-05-27 01:14:27.988 GMT+05:30" StructureHandle="=Identity/test&amp;lt;org.company.fingerprint.distribution" StructureKind="java" NumEvents="2" CreationCount="28"/><InteractionEvent Delta="null" EndDate="2012-05-27 01:14:27.835 GMT+05:30" Interest="2.0" Kind="propagation" Navigation="null" OriginId="org.eclipse.jdt.ui.CompilationUnitEditor" StartDate="2012-05-27 01:05:23.714 GMT+05:30" StructureHandle="/Identity/src/org/company/fingerprint/transport/IDuplexDistributionChannel.java" StructureKind="resource" NumEvents="2" CreationCount="17"/><InteractionEvent Delta="null" EndDate="2012-05-27 01:59:31.532 GMT+05:30" Interest="2.0" Kind="selection" Navigation="null" OriginId="org.eclipse.jdt.ui.CompilationUnitEditor" StartDate="2012-05-27 01:57:33.792 GMT+05:30" StructureHandle="=Identity/src&amp;lt;org.company.fingerprint.distribution{SynchnronizerBlock.java[SynchnronizerBlock^completedMap" StructureKind="java" NumEvents="2" CreationCount="91"/><InteractionEvent Delta="null" EndDate="2012-05-27 01:59:40.752 GMT+05:30" Interest="4.0" Kind="edit" Navigation="null" OriginId="org.eclipse.jdt.ui.CompilationUnitEditor" StartDate="2012-05-27 01:57:35.877 GMT+05:30" StructureHandle="=Identity/src&amp;lt;org.company.fingerprint.distribution{SynchnronizerBlock.java[SynchnronizerBlock^completedMap" StructureKind="java" NumEvents="4" CreationCount="91"/><InteractionEvent Delta="null" EndDate="2012-05-27 02:19:35.251 GMT+05:30" Interest="416.0" Kind="propagation" Navigation="org.eclipse.mylyn.core.model.edges.containment" OriginId="org.eclipse.mylyn.core.model.interest.propagation" StartDate="2012-05-27 01:02:48.739 GMT+05:30" StructureHandle="/Identity/src/org/company/fingerprint" StructureKind="resource" NumEvents="416" CreationCount="1"/><InteractionEvent Delta="null" EndDate="2012-05-27 02:18:11.50 GMT+05:30" Interest="101.32198" Kind="propagation" Navigation="org.eclipse.mylyn.core.model.edges.containment" OriginId="org.eclipse.mylyn.core.model.interest.propagation" StartDate="2012-05-27 01:02:48.739 GMT+05:30" StructureHandle="=Identity/src&amp;lt;org.company.fingerprint.distribution" StructureKind="java" NumEvents="138" CreationCount="1"/><InteractionEvent Delta="null" EndDate="2012-05-27 01:52:24.965 GMT+05:30" Interest="3.0" Kind="selection" Navigation="null" OriginId="com.soyatec.uml.ClassDiagramEditor" StartDate="2012-05-27 01:45:57.752 GMT+05:30" StructureHandle="=Identity/src&amp;lt;org.company.fingerprint.distribution" StructureKind="java" NumEvents="3" CreationCount="1"/><InteractionEvent Delta="null" EndDate="2012-05-27 01:45:56.89 GMT+05:30" Interest="24.0" Kind="propagation" Navigation="null" OriginId="org.eclipse.jdt.ui.PackageExplorer" StartDate="2012-05-27 01:02:48.738 GMT+05:30" StructureHandle="/Identity/src/org/company/fingerprint/distribution/IDistributionController.java" StructureKind="resource" NumEvents="24" CreationCount="1"/><InteractionEvent Delta="null" EndDate="2012-05-27 02:18:11.81 GMT+05:30" Interest="304.0" Kind="propagation" Navigation="null" OriginId="org.eclipse.jdt.ui.CompilationUnitEditor" StartDate="2012-05-27 01:47:22.36 GMT+05:30" StructureHandle="/Identity/src/org/company/fingerprint/distribution/SynchnronizerBlock.java" StructureKind="resource" NumEvents="304" CreationCount="48"/><InteractionEvent Delta="null" EndDate="2012-05-27 02:19:35.250 GMT+05:30" Interest="422.0" Kind="propagation" Navigation="org.eclipse.mylyn.core.model.edges.containment" OriginId="org.eclipse.mylyn.core.model.interest.propagation" StartDate="2012-05-27 01:02:48.739 GMT+05:30" StructureHandle="=Identity" StructureKind="resource" NumEvents="423" CreationCount="1"/><InteractionEvent Delta="null" EndDate="2012-05-27 01:04:40.937 GMT+05:30" Interest="1.0" Kind="selection" Navigation="null" OriginId="org.eclipse.jdt.ui.PackageExplorer" StartDate="2012-05-27 01:04:40.937 GMT+05:30" StructureHandle="=Identity" StructureKind="java"/><InteractionEvent Delta="null" EndDate="2012-05-27 01:03:22.240 GMT+05:30" Interest="1.0" Kind="selection" Navigation="null" OriginId="org.eclipse.ui.views.ContentOutline" StartDate="2012-05-27 01:03:22.240 GMT+05:30" StructureHandle="=Identity/src&amp;lt;org.company.fingerprint.distribution{IDistributionController.java%org.company.fingerprint.distribution" StructureKind="java"/><InteractionEvent Delta="null" EndDate="2012-05-27 02:02:51.984 GMT+05:30" Interest="1.0" Kind="prediction" Navigation="null" OriginId="org.eclipse.mylyn.resources.ui.interest.updater" StartDate="2012-05-27 02:02:51.984 GMT+05:30" StructureHandle="/Identity/src/org/company/fingerprint/agent/fingerprint.ucd" StructureKind="resource"/><InteractionEvent Delta="null" EndDate="2012-05-27 02:15:19.769 GMT+05:30" Interest="1.0" Kind="selection" Navigation="null" OriginId="org.eclipse.jdt.ui.CompilationUnitEditor" StartDate="2012-05-27 02:15:19.769 GMT+05:30" StructureHandle="=Identity/src&amp;lt;org.company.fingerprint.distribution{ISynchronizedOperationCompletionCallback.java[ISynchronizedOperationCompletionCallback~Invoke~QHashMap\&amp;lt;QString;QObject;&amp;gt;;" StructureKind="java"/><InteractionEvent Delta="null" EndDate="2012-05-27 01:20:00.574 GMT+05:30" Interest="2.0" Kind="propagation" Navigation="org.eclipse.mylyn.core.model.edges.containment" OriginId="org.eclipse.mylyn.core.model.interest.propagation" StartDate="2012-05-27 01:14:27.988 GMT+05:30" StructureHandle="/Identity/test/org/company/fingerprint" StructureKind="resource" NumEvents="2" CreationCount="28"/><InteractionEvent Delta="null" EndDate="2012-05-27 01:20:00.575 GMT+05:30" Interest="2.0" Kind="propagation" Navigation="org.eclipse.mylyn.core.model.edges.containment" OriginId="org.eclipse.mylyn.core.model.interest.propagation" StartDate="2012-05-27 01:14:27.988 GMT+05:30" StructureHandle="/Identity/test/org/company" StructureKind="resource" NumEvents="2" CreationCount="28"/><InteractionEvent Delta="null" EndDate="2012-05-27 01:20:00.576 GMT+05:30" Interest="2.0" Kind="propagation" Navigation="org.eclipse.mylyn.core.model.edges.containment" OriginId="org.eclipse.mylyn.core.model.interest.propagation" StartDate="2012-05-27 01:14:27.989 GMT+05:30" StructureHandle="=Identity/test" StructureKind="java" NumEvents="2" CreationCount="28"/><InteractionEvent Delta="null" EndDate="2012-05-27 02:18:08.880 GMT+05:30" Interest="16.831001" Kind="propagation" Navigation="org.eclipse.mylyn.core.model.edges.containment" OriginId="org.eclipse.mylyn.core.model.interest.propagation" StartDate="2012-05-27 02:02:50.885 GMT+05:30" StructureHandle="=Identity/src&amp;lt;org.company.fingerprint.distribution{DistributionMessageReply.java" StructureKind="java" NumEvents="23" CreationCount="171"/><InteractionEvent Delta="null" EndDate="2012-05-27 02:18:08.850 GMT+05:30" Interest="3.0" Kind="selection" Navigation="null" OriginId="org.eclipse.jdt.ui.CompilationUnitEditor" StartDate="2012-05-27 02:05:10.254 GMT+05:30" StructureHandle="=Identity/src&amp;lt;org.company.fingerprint.distribution{DistributionMessageReply.java" StructureKind="java" NumEvents="3" CreationCount="171"/><InteractionEvent Delta="null" EndDate="2012-05-27 01:20:17.394 GMT+05:30" Interest="3.0" Kind="selection" Navigation="null" OriginId="org.eclipse.jdt.ui.CompilationUnitEditor" StartDate="2012-05-27 01:05:11.324 GMT+05:30" StructureHandle="=Identity/src&amp;lt;org.company.fingerprint.distribution{IDistributionController.java[IDistributionController~Execute~QObject;" StructureKind="java" NumEvents="3" CreationCount="15"/><InteractionEvent Delta="null" EndDate="2012-05-27 01:05:15.903 GMT+05:30" Interest="1.0" Kind="edit" Navigation="null" OriginId="org.eclipse.jdt.ui.CompilationUnitEditor" StartDate="2012-05-27 01:05:15.903 GMT+05:30" StructureHandle="=Identity/src&amp;lt;org.company.fingerprint.distribution{IDistributionController.java[IDistributionController~Execute~QObject;" StructureKind="java"/><InteractionEvent Delta="null" EndDate="2012-05-27 02:19:35.251 GMT+05:30" Interest="416.0" Kind="propagation" Navigation="org.eclipse.mylyn.core.model.edges.containment" OriginId="org.eclipse.mylyn.core.model.interest.propagation" StartDate="2012-05-27 01:02:48.739 GMT+05:30" StructureHandle="/Identity/src/org" StructureKind="resource" NumEvents="416" CreationCount="1"/><InteractionEvent Delta="null" EndDate="2012-05-27 01:14:27.523 GMT+05:30" Interest="1.0" Kind="propagation" Navigation="null" OriginId="org.eclipse.jdt.ui.CompilationUnitEditor" StartDate="2012-05-27 01:14:27.523 GMT+05:30" StructureHandle="/Identity/src/org/company/fingerprint/server/Server.java" StructureKind="resource"/><InteractionEvent Delta="null" EndDate="2012-05-27 02:02:51.984 GMT+05:30" Interest="1.0" Kind="propagation" Navigation="null" OriginId="org.eclipse.mylyn.resources.ui.interest.updater" StartDate="2012-05-27 02:02:51.984 GMT+05:30" StructureHandle="/Identity/src/org/company/fingerprint/agent" StructureKind="resource"/><InteractionEvent Delta="null" EndDate="2012-05-27 01:14:27.835 GMT+05:30" Interest="3.017" Kind="propagation" Navigation="null" OriginId="org.eclipse.jdt.ui.CompilationUnitEditor" StartDate="2012-05-27 01:05:23.714 GMT+05:30" StructureHandle="/Identity/src/org/company/fingerprint/transport" StructureKind="resource" NumEvents="4" CreationCount="17"/><InteractionEvent Delta="null" EndDate="2012-05-27 02:06:55.226 GMT+05:30" Interest="4.0" Kind="selection" Navigation="null" OriginId="org.eclipse.jdt.ui.CompilationUnitEditor" StartDate="2012-05-27 02:05:18.888 GMT+05:30" StructureHandle="=Identity/src&amp;lt;org.company.fingerprint.distribution{DistributionMessageReply.java[DistributionMessageReply~GetServer" StructureKind="java" NumEvents="4" CreationCount="214"/><InteractionEvent Delta="null" EndDate="2012-05-27 02:06:37.494 GMT+05:30" Interest="10.0" Kind="edit" Navigation="null" OriginId="org.eclipse.jdt.ui.CompilationUnitEditor" StartDate="2012-05-27 02:05:28.741 GMT+05:30" StructureHandle="=Identity/src&amp;lt;org.company.fingerprint.distribution{DistributionMessageReply.java[DistributionMessageReply~GetServer" StructureKind="java" NumEvents="10" CreationCount="214"/><InteractionEvent Delta="null" EndDate="2012-05-27 02:18:08.880 GMT+05:30" Interest="53.0" Kind="propagation" Navigation="null" OriginId="org.eclipse.jdt.ui.CompilationUnitEditor" StartDate="2012-05-27 02:02:50.885 GMT+05:30" StructureHandle="/Identity/src/org/company/fingerprint/distribution/DistributionMessageReply.java" StructureKind="resource" NumEvents="53" CreationCount="171"/><InteractionEvent Delta="null" EndDate="2012-05-27 01:58:11.490 GMT+05:30" Interest="2.0" Kind="selection" Navigation="null" OriginId="org.eclipse.jdt.ui.CompilationUnitEditor" StartDate="2012-05-27 01:56:31.142 GMT+05:30" StructureHandle="=Identity/src&amp;lt;org.company.fingerprint.distribution{SynchnronizerBlock.java[SynchnronizerBlock^callback" StructureKind="java" NumEvents="2" CreationCount="75"/><InteractionEvent Delta="null" EndDate="2012-05-27 01:58:12.47 GMT+05:30" Interest="1.0" Kind="edit" Navigation="null" OriginId="org.eclipse.jdt.ui.CompilationUnitEditor" StartDate="2012-05-27 01:58:12.47 GMT+05:30" StructureHandle="=Identity/src&amp;lt;org.company.fingerprint.distribution{SynchnronizerBlock.java[SynchnronizerBlock^callback" StructureKind="java"/><InteractionEvent Delta="null" EndDate="2012-05-27 01:52:29.926 GMT+05:30" Interest="2.0" Kind="propagation" Navigation="org.eclipse.mylyn.core.model.edges.containment" OriginId="org.eclipse.mylyn.core.model.interest.propagation" StartDate="2012-05-27 01:52:12.343 GMT+05:30" StructureHandle="=Identity/src&amp;lt;org.company.fingerprint.distribution{HBaseDistributionController.java#" StructureKind="java" NumEvents="2" CreationCount="51"/><InteractionEvent Delta="null" EndDate="2012-05-27 02:15:19.769 GMT+05:30" Interest="1.0" Kind="propagation" Navigation="org.eclipse.mylyn.core.model.edges.containment" OriginId="org.eclipse.mylyn.core.model.interest.propagation" StartDate="2012-05-27 02:15:19.769 GMT+05:30" StructureHandle="=Identity/src&amp;lt;org.company.fingerprint.distribution{ISynchronizedOperationCompletionCallback.java[ISynchronizedOperationCompletionCallback" StructureKind="java"/><InteractionEvent Delta="null" EndDate="2012-05-27 02:19:35.250 GMT+05:30" Interest="7.1260004" Kind="propagation" Navigation="org.eclipse.mylyn.core.model.edges.containment" OriginId="org.eclipse.mylyn.core.model.interest.propagation" StartDate="2012-05-27 01:32:07.87 GMT+05:30" StructureHandle="=Identity/src&amp;lt;org.company.fingerprint.distribution{HBaseDistributionController.java[HBaseDistributionController" StructureKind="java" NumEvents="4" CreationCount="41"/><InteractionEvent Delta="null" EndDate="2012-05-27 01:45:16.176 GMT+05:30" Interest="1.0" Kind="selection" Navigation="null" OriginId="org.eclipse.jdt.ui.CompilationUnitEditor" StartDate="2012-05-27 01:45:16.176 GMT+05:30" StructureHandle="=Identity/src&amp;lt;org.company.fingerprint.distribution{HBaseDistributionController.java[HBaseDistributionController" StructureKind="java"/><InteractionEvent Delta="null" EndDate="2012-05-27 02:19:35.250 GMT+05:30" Interest="26.0" Kind="propagation" Navigation="null" OriginId="org.eclipse.jdt.ui.CompilationUnitEditor" StartDate="2012-05-27 01:05:07.228 GMT+05:30" StructureHandle="/Identity/src/org/company/fingerprint/distribution/HBaseDistributionController.java" StructureKind="resource" NumEvents="26" CreationCount="9"/><InteractionEvent Delta="null" EndDate="2012-05-27 02:19:35.251 GMT+05:30" Interest="416.0" Kind="propagation" Navigation="null" OriginId="org.eclipse.jdt.ui.CompilationUnitEditor" StartDate="2012-05-27 01:02:48.739 GMT+05:30" StructureHandle="/Identity/src/org/company/fingerprint/distribution" StructureKind="resource" NumEvents="416" CreationCount="1"/><InteractionEvent Delta="null" EndDate="2012-05-27 01:20:00.575 GMT+05:30" Interest="2.0" Kind="propagation" Navigation="org.eclipse.mylyn.core.model.edges.containment" OriginId="org.eclipse.mylyn.core.model.interest.propagation" StartDate="2012-05-27 01:14:27.988 GMT+05:30" StructureHandle="/Identity/test" StructureKind="resource" NumEvents="2" CreationCount="28"/><InteractionEvent Delta="null" EndDate="2012-05-27 02:18:15.96 GMT+05:30" Interest="3.7710004" Kind="manipulation" Navigation="null" OriginId="org.eclipse.mylyn.core.model.interest.decay.correction" StartDate="2012-05-27 02:18:15.96 GMT+05:30" StructureHandle="=Identity/src&amp;lt;org.company.fingerprint.distribution{HBaseDistributionController.java[HBaseDistributionController^synchnronizerBlocks" StructureKind="java"/><InteractionEvent Delta="null" EndDate="2012-05-27 02:18:15.96 GMT+05:30" Interest="2.0" Kind="selection" Navigation="null" OriginId="org.eclipse.jdt.ui.CompilationUnitEditor" StartDate="2012-05-27 01:52:46.58 GMT+05:30" StructureHandle="=Identity/src&amp;lt;org.company.fingerprint.distribution{HBaseDistributionController.java[HBaseDistributionController^synchnronizerBlocks" StructureKind="java" NumEvents="2" CreationCount="56"/><InteractionEvent Delta="null" EndDate="2012-05-27 02:19:35.249 GMT+05:30" Interest="3.0" Kind="edit" Navigation="null" OriginId="org.eclipse.jdt.ui.CompilationUnitEditor" StartDate="2012-05-27 01:52:53.913 GMT+05:30" StructureHandle="=Identity/src&amp;lt;org.company.fingerprint.distribution{HBaseDistributionController.java[HBaseDistributionController^synchnronizerBlocks" StructureKind="java" NumEvents="3" CreationCount="56"/></InteractionHistory>