<?xml version="1.0" encoding="UTF-8" standalone="no"?><TaskList Version="2.0"><Task Active="false" ConnectorKind="local" CreationDate="2012-05-27 01:22:56.37 +0530" DueDate="" EndDate="" Estimated="0" Handle="local-6" IssueURL="" Kind="task" Label="Receive results from multiple servers and co-related with sent operation" LastModified="now" MarkReadPending="false" ModificationDate="" Notes="" NotifiedIncoming="true" Owner="local" Priority="P3" Reminded="false" RepositoryUrl="local" ScheduledEndDate="2012-05-27 23:59:59.999 +0530" ScheduledStartDate="2012-05-27 00:00:00.0 +0530" Stale="false" TaskId="6" offlineSyncState="SYNCHRONIZED"><SubTask Handle="local-3"/><SubTask Handle="local-10"/></Task><Task Active="false" ConnectorKind="local" CreationDate="2012-05-27 03:07:28.97 +0530" DueDate="" EndDate="" Estimated="0" Handle="local-11" IssueURL="" Kind="task" Label="Test : Distributed execution : block thread till result is received from multiple agents" LastModified="now" MarkReadPending="false" ModificationDate="" Notes="" NotifiedIncoming="true" Owner="local" Priority="P3" Reminded="false" RepositoryUrl="local" ScheduledEndDate="2012-06-02 23:59:59.999 +0530" ScheduledStartDate="2012-05-27 00:00:00.0 +0530" Stale="false" TaskId="11" offlineSyncState="SYNCHRONIZED"/><Task Active="false" ConnectorKind="local" CreationDate="2012-05-27 16:13:38.372 +0530" DueDate="" EndDate="" Estimated="0" Handle="local-19" IssueURL="" Kind="task" Label="Test  : test duplex receive" LastModified="now" MarkReadPending="false" ModificationDate="" Notes="" NotifiedIncoming="true" Owner="local" Priority="P3" Reminded="false" RepositoryUrl="local" ScheduledEndDate="2012-06-02 23:59:59.999 +0530" ScheduledStartDate="2012-05-27 00:00:00.0 +0530" Stale="false" TaskId="19" offlineSyncState="SYNCHRONIZED"/><Task Active="false" ConnectorKind="local" CreationDate="2012-05-27 03:10:54.504 +0530" DueDate="" EndDate="" Estimated="0" Handle="local-16" IssueURL="" Kind="task" Label="Define protocol between server and agents" LastModified="now" MarkReadPending="false" ModificationDate="" Notes="" NotifiedIncoming="true" Owner="local" Priority="P3" Reminded="false" RepositoryUrl="local" ScheduledEndDate="2012-06-02 23:59:59.999 +0530" ScheduledStartDate="2012-05-27 00:00:00.0 +0530" Stale="false" TaskId="16" offlineSyncState="SYNCHRONIZED"/><Task Active="false" ConnectorKind="local" CreationDate="2012-05-27 03:09:43.365 +0530" DueDate="" EndDate="2012-05-27 16:13:31.95 +0530" Estimated="0" Handle="local-14" IssueURL="" Kind="task" Label="Implement duplex transport using Redis" LastModified="now" MarkReadPending="false" ModificationDate="" Notes="" NotifiedIncoming="true" Owner="local" Priority="P3" Reminded="false" RepositoryUrl="local" ScheduledEndDate="2012-06-02 23:59:59.999 +0530" ScheduledStartDate="2012-05-27 00:00:00.0 +0530" Stale="false" TaskId="14" offlineSyncState="SYNCHRONIZED"/><Task Active="false" ConnectorKind="local" CreationDate="2012-05-27 16:23:18.282 +0530" DueDate="" EndDate="" Estimated="0" Handle="local-20" IssueURL="" Kind="task" Label="Start long running server" LastModified="now" MarkReadPending="false" ModificationDate="" Notes="" NotifiedIncoming="true" Owner="local" Priority="P3" Reminded="false" RepositoryUrl="local" ScheduledEndDate="2012-05-27 23:59:59.999 +0530" ScheduledStartDate="2012-05-27 00:00:00.0 +0530" Stale="false" TaskId="20" offlineSyncState="SYNCHRONIZED"/><Task Active="false" ConnectorKind="local" CreationDate="2012-05-27 01:23:48.15 +0530" DueDate="" EndDate="" Estimated="0" Handle="local-7" IssueURL="" Kind="task" Label="Reducer to process the result from multiple remote executions" LastModified="now" MarkReadPending="false" ModificationDate="" Notes="" NotifiedIncoming="true" Owner="local" Priority="P3" Reminded="false" RepositoryUrl="local" ScheduledEndDate="2012-06-02 23:59:59.999 +0530" ScheduledStartDate="2012-05-27 00:00:00.0 +0530" Stale="false" TaskId="7" offlineSyncState="SYNCHRONIZED"/><Task Active="false" ConnectorKind="local" CreationDate="2012-05-27 01:21:13.737 +0530" DueDate="" EndDate="" Estimated="0" Handle="local-4" IssueURL="" Kind="task" Label="Create distributed execution layer" LastModified="now" MarkReadPending="false" ModificationDate="" Notes="" NotifiedIncoming="true" Owner="local" Priority="P1" Reminded="false" RepositoryUrl="local" ScheduledEndDate="2012-05-27 23:59:59.999 +0530" ScheduledStartDate="2012-05-27 00:00:00.0 +0530" Stale="false" TaskId="4" offlineSyncState="SYNCHRONIZED"><SubTask Handle="local-5"/><SubTask Handle="local-6"/><SubTask Handle="local-7"/><SubTask Handle="local-8"/><SubTask Handle="local-9"/><SubTask Handle="local-11"/><SubTask Handle="local-15"/><SubTask Handle="local-17"/></Task><Task Active="false" ConnectorKind="local" CreationDate="2012-05-27 01:24:36.265 +0530" DueDate="" EndDate="" Estimated="0" Handle="local-8" IssueURL="" Kind="task" Label="Finalize the Pattern" LastModified="now" MarkReadPending="false" ModificationDate="" Notes="" NotifiedIncoming="true" Owner="local" Priority="P3" Reminded="false" RepositoryUrl="local" ScheduledEndDate="2012-06-02 23:59:59.999 +0530" ScheduledStartDate="2012-05-27 00:00:00.0 +0530" Stale="false" TaskId="8" offlineSyncState="SYNCHRONIZED"/><Task Active="false" ConnectorKind="local" CreationDate="2012-05-27 11:54:32.795 +0530" DueDate="" EndDate="" Estimated="0" Handle="local-17" IssueURL="" Kind="task" Label="Test: Distributed Receive test" LastModified="now" MarkReadPending="false" ModificationDate="" Notes="" NotifiedIncoming="true" Owner="local" Priority="P3" Reminded="false" RepositoryUrl="local" ScheduledEndDate="2012-06-02 23:59:59.999 +0530" ScheduledStartDate="2012-05-27 00:00:00.0 +0530" Stale="false" TaskId="17" offlineSyncState="SYNCHRONIZED"/><Task Active="false" ConnectorKind="local" CreationDate="2012-05-27 03:09:14.728 +0530" DueDate="" EndDate="" Estimated="0" Handle="local-13" IssueURL="" Kind="task" Label="Transport" LastModified="now" MarkReadPending="false" ModificationDate="" Notes="All basic transport level tasks come here." NotifiedIncoming="true" Owner="local" Priority="P3" Reminded="false" RepositoryUrl="local" ScheduledEndDate="2012-06-02 23:59:59.999 +0530" ScheduledStartDate="2012-05-27 00:00:00.0 +0530" Stale="false" TaskId="13" offlineSyncState="SYNCHRONIZED"><SubTask Handle="local-14"/><SubTask Handle="local-18"/><SubTask Handle="local-19"/></Task><Task Active="false" ConnectorKind="local" CreationDate="2012-05-27 15:00:16.971 +0530" DueDate="" EndDate="" Estimated="0" Handle="local-18" IssueURL="" Kind="task" Label="Implement ACK for sends to agent" LastModified="now" MarkReadPending="false" ModificationDate="" Notes="" NotifiedIncoming="true" Owner="local" Priority="P3" Reminded="false" RepositoryUrl="local" ScheduledEndDate="2012-06-02 23:59:59.999 +0530" ScheduledStartDate="2012-05-27 00:00:00.0 +0530" Stale="false" TaskId="18" offlineSyncState="SYNCHRONIZED"/><Task Active="false" ConnectorKind="local" CreationDate="2012-05-27 00:59:29.548 +0530" DueDate="2012-05-27 02:00:00.0 +0530" EndDate="2012-05-27 02:17:13.594 +0530" Estimated="1" Handle="local-3" IssueURL="" Kind="task" Label="Add synchronizer block to receive and reduce messages from the distributed servers" LastModified="now" MarkReadPending="false" ModificationDate="" Notes="" NotifiedIncoming="true" Owner="local" Priority="P1" Reminded="false" RepositoryUrl="local" ScheduledEndDate="2012-05-27 23:59:59.999 +0530" ScheduledStartDate="2012-05-27 00:00:00.0 +0530" Stale="false" TaskId="3" offlineSyncState="SYNCHRONIZED"/><Task Active="false" ConnectorKind="local" CreationDate="2012-05-27 02:17:33.827 +0530" DueDate="" EndDate="" Estimated="0" Handle="local-9" IssueURL="" Kind="task" Label="Test SynchronizerBlock" LastModified="now" MarkReadPending="false" ModificationDate="" Notes="" NotifiedIncoming="true" Owner="local" Priority="P3" Reminded="false" RepositoryUrl="local" ScheduledEndDate="2012-06-02 23:59:59.999 +0530" ScheduledStartDate="2012-05-27 00:00:00.0 +0530" Stale="false" TaskId="9" offlineSyncState="SYNCHRONIZED"/><Task Active="false" ConnectorKind="local" CreationDate="2012-05-26 21:35:44.607 +0530" DueDate="2012-05-27 22:00:00.0 +0530" EndDate="" Estimated="1" Handle="local-2" IssueURL="" Kind="task" Label="Separate the transport logic from agent and server in to separate component" LastModified="now" MarkReadPending="false" ModificationDate="" Notes="" NotifiedIncoming="true" Owner="local" Priority="P3" Reminded="false" RepositoryUrl="local" ScheduledEndDate="2012-05-27 23:59:59.999 +0530" ScheduledStartDate="2012-05-27 00:00:00.0 +0530" Stale="false" TaskId="2" offlineSyncState="SYNCHRONIZED"/><Task Active="false" ConnectorKind="local" CreationDate="2012-05-27 16:24:09.539 +0530" DueDate="" EndDate="" Estimated="0" Handle="local-21" IssueURL="" Kind="task" Label="Start as web service/ frontend" LastModified="now" MarkReadPending="false" ModificationDate="" Notes="" NotifiedIncoming="true" Owner="local" Priority="P3" Reminded="false" RepositoryUrl="local" ScheduledEndDate="2012-05-29 23:59:59.999 +0530" ScheduledStartDate="2012-05-29 00:00:00.0 +0530" Stale="false" TaskId="21" offlineSyncState="SYNCHRONIZED"/><Task Active="true" ConnectorKind="local" CreationDate="2012-05-26 21:31:11.854 +0530" DueDate="2012-05-31 02:00:00.0 +0530" EndDate="" Estimated="2" Handle="local-1" IssueURL="" Kind="task" Label="Create the servers" LastModified="now" MarkReadPending="false" ModificationDate="" Notes="" NotifiedIncoming="true" Owner="local" Priority="P2" Reminded="false" RepositoryUrl="local" ScheduledEndDate="2012-05-27 23:59:59.999 +0530" ScheduledStartDate="2012-05-27 00:00:00.0 +0530" Stale="false" TaskId="1" offlineSyncState="SYNCHRONIZED"><SubTask Handle="local-2"/><SubTask Handle="local-20"/><SubTask Handle="local-21"/></Task><Task Active="false" ConnectorKind="local" CreationDate="2012-05-27 03:10:31.423 +0530" DueDate="" EndDate="2012-05-27 11:53:17.380 +0530" Estimated="0" Handle="local-15" IssueURL="" Kind="task" Label="Add receiver for incoming replies" LastModified="now" MarkReadPending="false" ModificationDate="" Notes="" NotifiedIncoming="true" Owner="local" Priority="P3" Reminded="false" RepositoryUrl="local" ScheduledEndDate="2012-05-27 23:59:59.999 +0530" ScheduledStartDate="2012-05-27 00:00:00.0 +0530" Stale="false" TaskId="15" offlineSyncState="SYNCHRONIZED"/><Task Active="false" ConnectorKind="local" CreationDate="2012-05-27 02:18:32.186 +0530" DueDate="" EndDate="2012-05-27 03:07:16.507 +0530" Estimated="0" Handle="local-10" IssueURL="" Kind="task" Label="Functionality to block thread for distributed execution to complete" LastModified="now" MarkReadPending="false" ModificationDate="" Notes="" NotifiedIncoming="true" Owner="local" Priority="P3" Reminded="false" RepositoryUrl="local" ScheduledEndDate="2012-05-27 23:59:59.999 +0530" ScheduledStartDate="2012-05-27 00:00:00.0 +0530" Stale="false" TaskId="10" offlineSyncState="SYNCHRONIZED"/><Task Active="false" ConnectorKind="local" CreationDate="2012-05-27 01:21:53.478 +0530" DueDate="" EndDate="2012-05-27 16:14:33.330 +0530" Estimated="0" Handle="local-5" IssueURL="" Kind="task" Label="Send operation to multiple servers" LastModified="now" MarkReadPending="false" ModificationDate="" Notes="" NotifiedIncoming="true" Owner="local" Priority="P3" Reminded="false" RepositoryUrl="local" ScheduledEndDate="2012-05-27 23:59:59.999 +0530" ScheduledStartDate="2012-05-27 00:00:00.0 +0530" Stale="false" TaskId="5" offlineSyncState="SYNCHRONIZED"/><TaskCategory Handle="handle-1" Name="Identity"><TaskReference Handle="local-1"/><TaskReference Handle="local-4"/><TaskReference Handle="local-13"/><TaskReference Handle="local-16"/></TaskCategory><TaskCategory Handle="Uncategorized" Name="Uncategorized"/></TaskList>